{
    "$schema": "https://raw.githubusercontent.com/Microsoft/azure-pipelines-task-lib/master/tasks.schema.json",
    "id": "23e1b115-2add-408e-aad7-a3bd182106b4",
    "name": "ServiceNow-CICD-Plugin-Activate",
    "friendlyName": "ServiceNow CI/CD add a plugin",
    "description": "Activate a desired plugin on your ServiceNow instance",
    "helpMarkDown": "",
    "category": "Package",
    "author": "ServiceNow",
    "version": {
        "Major": 1,
        "Minor": 3,
        "Patch": 23
    },
    "instanceNameFormat": "ServiceNow CI/CD add a plugin",
    "showEnvironmentVariables": false,
    "inputs": [
        {
            "name": "connectedServiceName",
            "type": "connectedService:ServiceNow CICD",
            "label": "ServiceNow endpoint",
            "required": true,
            "helpMarkDown": "ServiceNow endpoint connection"
        },
        {
            "name": "pluginId",
            "type": "string",
            "label": "Plugin ID",
            "required": false,
            "helpMarkDown": "If no plugin ID specified as an input, the environment variable *pluginID* will be read."
        }
    ],
    "runsOn": [
        "Agent",
        "MachineGroup",
        "Server"
    ],
    "execution": {
        "Node": {
            "target": "index.js"
        }
    }
}
